D:\Tezan\GithubRepos\smart_ui_tf20\dataset\images\1.png,8,10,125,34,text
D:\Tezan\GithubRepos\smart_ui_tf20\dataset\images\1.png,7,35,116,54,text
D:\Tezan\GithubRepos\smart_ui_tf20\dataset\images\1.png,8,60,66,82,text
D:\Tezan\GithubRepos\smart_ui_tf20\dataset\images\1.png,8,83,85,104,text
D:\Tezan\GithubRepos\smart_ui_tf20\dataset\images\1.png,8,107,106,127,text
D:\Tezan\GithubRepos\smart_ui_tf20\dataset\images\1.png,8,131,80,152,text
D:\Tezan\GithubRepos\smart_ui_tf20\dataset\images\1.png,8,156,124,176,text
D:\Tezan\GithubRepos\smart_ui_tf20\dataset\images\1.png,119,132,158,153,text
D:\Tezan\GithubRepos\smart_ui_tf20\dataset\images\1.png,148,83,205,105,text
D:\Tezan\GithubRepos\smart_ui_tf20\dataset\images\1.png,129,10,228,33,text
D:\Tezan\GithubRepos\smart_ui_tf20\dataset\images\1.png,71,61,176,81,text
D:\Tezan\GithubRepos\smart_ui_tf20\dataset\images\1.png,90,82,143,103,text
D:\Tezan\GithubRepos\smart_ui_tf20\dataset\images\1.png,208,83,219,105,text
D:\Tezan\GithubRepos\smart_ui_tf20\dataset\images\1.png,109,107,160,126,text
D:\Tezan\GithubRepos\smart_ui_tf20\dataset\images\1.png,84,132,114,151,text
D:\Tezan\GithubRepos\smart_ui_tf20\dataset\images\1.png,162,131,197,151,text
D:\Tezan\GithubRepos\smart_ui_tf20\dataset\images\1.png,127,157,218,177,text
D:\Tezan\GithubRepos\smart_ui_tf20\dataset\images\1.png,358,53,394,70,text
D:\Tezan\GithubRepos\smart_ui_tf20\dataset\images\1.png,359,74,368,89,text
D:\Tezan\GithubRepos\smart_ui_tf20\dataset\images\1.png,358,100,393,116,text
D:\Tezan\GithubRepos\smart_ui_tf20\dataset\images\1.png,359,120,370,138,text
D:\Tezan\GithubRepos\smart_ui_tf20\dataset\images\1.png,417,59,429,76,text
D:\Tezan\GithubRepos\smart_ui_tf20\dataset\images\1.png,416,106,425,122,text
D:\Tezan\GithubRepos\smart_ui_tf20\dataset\images\1.png,556,62,571,70,triangle_down
D:\Tezan\GithubRepos\smart_ui_tf20\dataset\images\1.png,558,108,571,118,triangle_down
D:\Tezan\GithubRepos\smart_ui_tf20\dataset\images\1.png,596,53,632,70,text
D:\Tezan\GithubRepos\smart_ui_tf20\dataset\images\1.png,596,73,637,91,text
D:\Tezan\GithubRepos\smart_ui_tf20\dataset\images\1.png,596,100,623,121,text
D:\Tezan\GithubRepos\smart_ui_tf20\dataset\images\1.png,678,59,747,75,text
D:\Tezan\GithubRepos\smart_ui_tf20\dataset\images\1.png,677,107,689,123,text
D:\Tezan\GithubRepos\smart_ui_tf20\dataset\images\1.png,914,60,983,74,text
D:\Tezan\GithubRepos\smart_ui_tf20\dataset\images\1.png,856,56,892,72,text
D:\Tezan\GithubRepos\smart_ui_tf20\dataset\images\1.png,856,73,867,90,text
D:\Tezan\GithubRepos\smart_ui_tf20\dataset\images\1.png,856,101,890,117,text
D:\Tezan\GithubRepos\smart_ui_tf20\dataset\images\1.png,856,120,867,138,text
D:\Tezan\GithubRepos\smart_ui_tf20\dataset\images\1.png,1094,54,1140,73,text
D:\Tezan\GithubRepos\smart_ui_tf20\dataset\images\1.png,1093,100,1127,117,text
D:\Tezan\GithubRepos\smart_ui_tf20\dataset\images\1.png,1095,121,1136,138,text
D:\Tezan\GithubRepos\smart_ui_tf20\dataset\images\1.png,819,62,832,73,triangle_down
D:\Tezan\GithubRepos\smart_ui_tf20\dataset\images\1.png,819,109,832,118,triangle_down
D:\Tezan\GithubRepos\smart_ui_tf20\dataset\images\1.png,1055,61,1067,70,triangle_down
D:\Tezan\GithubRepos\smart_ui_tf20\dataset\images\1.png,1319,61,1335,71,triangle_down
D:\Tezan\GithubRepos\smart_ui_tf20\dataset\images\1.png,1056,107,1068,117,triangle_down
D:\Tezan\GithubRepos\smart_ui_tf20\dataset\images\1.png,1319,108,1334,117,triangle_down
D:\Tezan\GithubRepos\smart_ui_tf20\dataset\images\1.png,915,107,961,122,text
D:\Tezan\GithubRepos\smart_ui_tf20\dataset\images\1.png,1176,60,1222,74,text
D:\Tezan\GithubRepos\smart_ui_tf20\dataset\images\1.png,1179,106,1245,122,text
D:\Tezan\GithubRepos\smart_ui_tf20\dataset\images\1.png,919,15,971,33,text
D:\Tezan\GithubRepos\smart_ui_tf20\dataset\images\1.png,1009,15,1064,34,text
D:\Tezan\GithubRepos\smart_ui_tf20\dataset\images\1.png,1100,15,1153,32,text
D:\Tezan\GithubRepos\smart_ui_tf20\dataset\images\1.png,1189,15,1244,32,text
D:\Tezan\GithubRepos\smart_ui_tf20\dataset\images\1.png,1279,15,1330,32,text
D:\Tezan\GithubRepos\smart_ui_tf20\dataset\images\1.png,1255,149,1330,165,text
D:\Tezan\GithubRepos\smart_ui_tf20\dataset\images\1.png,1238,138,1340,172,div_round
D:\Tezan\GithubRepos\smart_ui_tf20\dataset\images\1.png,900,7,990,41,div_round
D:\Tezan\GithubRepos\smart_ui_tf20\dataset\images\1.png,993,7,1080,41,div_round
D:\Tezan\GithubRepos\smart_ui_tf20\dataset\images\1.png,1084,8,1168,40,div_round
D:\Tezan\GithubRepos\smart_ui_tf20\dataset\images\1.png,1171,7,1260,41,div_round
D:\Tezan\GithubRepos\smart_ui_tf20\dataset\images\1.png,1264,8,1341,41,div_round
D:\Tezan\GithubRepos\smart_ui_tf20\dataset\images\1.png,405,50,553,83,div_rect
D:\Tezan\GithubRepos\smart_ui_tf20\dataset\images\1.png,407,97,552,132,div_rect
D:\Tezan\GithubRepos\smart_ui_tf20\dataset\images\1.png,545,49,584,85,div_rect
D:\Tezan\GithubRepos\smart_ui_tf20\dataset\images\1.png,546,97,584,133,div_rect
D:\Tezan\GithubRepos\smart_ui_tf20\dataset\images\1.png,667,50,812,86,div_rect
D:\Tezan\GithubRepos\smart_ui_tf20\dataset\images\1.png,669,98,812,132,div_rect
D:\Tezan\GithubRepos\smart_ui_tf20\dataset\images\1.png,808,51,846,85,div_rect
D:\Tezan\GithubRepos\smart_ui_tf20\dataset\images\1.png,808,98,845,133,div_rect
D:\Tezan\GithubRepos\smart_ui_tf20\dataset\images\1.png,904,51,1050,85,div_rect
D:\Tezan\GithubRepos\smart_ui_tf20\dataset\images\1.png,905,97,1050,133,div_rect
D:\Tezan\GithubRepos\smart_ui_tf20\dataset\images\1.png,1043,51,1080,86,div_rect
D:\Tezan\GithubRepos\smart_ui_tf20\dataset\images\1.png,1042,97,1083,132,div_rect
D:\Tezan\GithubRepos\smart_ui_tf20\dataset\images\1.png,1169,50,1316,86,div_rect
D:\Tezan\GithubRepos\smart_ui_tf20\dataset\images\1.png,1166,97,1316,132,div_rect
D:\Tezan\GithubRepos\smart_ui_tf20\dataset\images\1.png,1306,50,1341,85,div_rect
D:\Tezan\GithubRepos\smart_ui_tf20\dataset\images\1.png,1308,96,1341,132,div_rect
D:\Tezan\GithubRepos\smart_ui_tf20\dataset\images\2.png,19,49,106,67,text
D:\Tezan\GithubRepos\smart_ui_tf20\dataset\images\2.png,204,49,236,67,text
D:\Tezan\GithubRepos\smart_ui_tf20\dataset\images\2.png,388,48,407,66,text
D:\Tezan\GithubRepos\smart_ui_tf20\dataset\images\2.png,573,50,603,66,text
D:\Tezan\GithubRepos\smart_ui_tf20\dataset\images\2.png,757,50,806,66,text
D:\Tezan\GithubRepos\smart_ui_tf20\dataset\images\2.png,1004,50,1057,67,text
D:\Tezan\GithubRepos\smart_ui_tf20\dataset\images\2.png,1128,51,1191,66,text
D:\Tezan\GithubRepos\smart_ui_tf20\dataset\images\2.png,53,111,99,129,text
D:\Tezan\GithubRepos\smart_ui_tf20\dataset\images\2.png,53,139,84,157,text
D:\Tezan\GithubRepos\smart_ui_tf20\dataset\images\2.png,53,166,116,185,text
D:\Tezan\GithubRepos\smart_ui_tf20\dataset\images\2.png,415,111,433,129,text
D:\Tezan\GithubRepos\smart_ui_tf20\dataset\images\2.png,595,111,613,128,text
D:\Tezan\GithubRepos\smart_ui_tf20\dataset\images\2.png,775,111,792,128,text
D:\Tezan\GithubRepos\smart_ui_tf20\dataset\images\2.png,955,111,973,128,text
D:\Tezan\GithubRepos\smart_ui_tf20\dataset\images\2.png,1134,111,1153,129,text
D:\Tezan\GithubRepos\smart_ui_tf20\dataset\images\2.png,415,139,489,156,text
D:\Tezan\GithubRepos\smart_ui_tf20\dataset\images\2.png,595,139,667,155,text
D:\Tezan\GithubRepos\smart_ui_tf20\dataset\images\2.png,775,140,849,156,text
D:\Tezan\GithubRepos\smart_ui_tf20\dataset\images\2.png,955,139,1028,158,text
D:\Tezan\GithubRepos\smart_ui_tf20\dataset\images\2.png,415,167,471,185,text
D:\Tezan\GithubRepos\smart_ui_tf20\dataset\images\2.png,594,167,653,185,text
D:\Tezan\GithubRepos\smart_ui_tf20\dataset\images\2.png,775,168,832,184,text
D:\Tezan\GithubRepos\smart_ui_tf20\dataset\images\2.png,955,168,1012,185,text
D:\Tezan\GithubRepos\smart_ui_tf20\dataset\images\2.png,1135,167,1193,186,text
D:\Tezan\GithubRepos\smart_ui_tf20\dataset\images\2.png,1135,140,1208,156,text
D:\Tezan\GithubRepos\smart_ui_tf20\dataset\images\2.png,53,195,90,213,text
D:\Tezan\GithubRepos\smart_ui_tf20\dataset\images\2.png,53,223,106,242,text
D:\Tezan\GithubRepos\smart_ui_tf20\dataset\images\2.png,53,252,123,270,text
D:\Tezan\GithubRepos\smart_ui_tf20\dataset\images\2.png,53,279,125,298,text
D:\Tezan\GithubRepos\smart_ui_tf20\dataset\images\2.png,53,307,124,325,text
D:\Tezan\GithubRepos\smart_ui_tf20\dataset\images\2.png,53,336,125,353,text
D:\Tezan\GithubRepos\smart_ui_tf20\dataset\images\2.png,53,363,125,380,text
D:\Tezan\GithubRepos\smart_ui_tf20\dataset\images\2.png,53,390,124,408,text
D:\Tezan\GithubRepos\smart_ui_tf20\dataset\images\2.png,53,419,123,436,text
D:\Tezan\GithubRepos\smart_ui_tf20\dataset\images\2.png,53,448,122,465,text
D:\Tezan\GithubRepos\smart_ui_tf20\dataset\images\2.png,54,475,123,493,text
D:\Tezan\GithubRepos\smart_ui_tf20\dataset\images\2.png,23,256,39,263,dash
D:\Tezan\GithubRepos\smart_ui_tf20\dataset\images\2.png,21,284,40,290,dash
D:\Tezan\GithubRepos\smart_ui_tf20\dataset\images\2.png,22,312,38,319,dash
D:\Tezan\GithubRepos\smart_ui_tf20\dataset\images\2.png,22,340,39,345,dash
D:\Tezan\GithubRepos\smart_ui_tf20\dataset\images\2.png,22,369,40,375,dash
D:\Tezan\GithubRepos\smart_ui_tf20\dataset\images\2.png,22,396,39,404,dash
D:\Tezan\GithubRepos\smart_ui_tf20\dataset\images\2.png,22,424,40,432,dash
D:\Tezan\GithubRepos\smart_ui_tf20\dataset\images\2.png,21,452,39,460,dash
D:\Tezan\GithubRepos\smart_ui_tf20\dataset\images\2.png,22,480,40,487,dash
D:\Tezan\GithubRepos\smart_ui_tf20\dataset\images\2.png,22,508,39,515,dash
D:\Tezan\GithubRepos\smart_ui_tf20\dataset\images\2.png,414,196,460,213,text
D:\Tezan\GithubRepos\smart_ui_tf20\dataset\images\2.png,594,197,641,213,text
D:\Tezan\GithubRepos\smart_ui_tf20\dataset\images\2.png,773,197,820,213,text
D:\Tezan\GithubRepos\smart_ui_tf20\dataset\images\2.png,955,197,1000,213,text
D:\Tezan\GithubRepos\smart_ui_tf20\dataset\images\2.png,1134,197,1179,213,text
D:\Tezan\GithubRepos\smart_ui_tf20\dataset\images\2.png,414,223,437,239,text
D:\Tezan\GithubRepos\smart_ui_tf20\dataset\images\2.png,595,223,622,241,text
D:\Tezan\GithubRepos\smart_ui_tf20\dataset\images\2.png,776,223,804,241,text
D:\Tezan\GithubRepos\smart_ui_tf20\dataset\images\2.png,954,223,976,240,text
D:\Tezan\GithubRepos\smart_ui_tf20\dataset\images\2.png,1135,223,1162,240,text
D:\Tezan\GithubRepos\smart_ui_tf20\dataset\images\2.png,414,252,448,270,text
D:\Tezan\GithubRepos\smart_ui_tf20\dataset\images\2.png,593,252,628,270,text
D:\Tezan\GithubRepos\smart_ui_tf20\dataset\images\2.png,19,78,64,94,text
D:\Tezan\GithubRepos\smart_ui_tf20\dataset\images\2.png,204,78,262,95,text
D:\Tezan\GithubRepos\smart_ui_tf20\dataset\images\2.png,389,78,420,95,text
D:\Tezan\GithubRepos\smart_ui_tf20\dataset\images\2.png,574,78,642,95,text
D:\Tezan\GithubRepos\smart_ui_tf20\dataset\images\2.png,759,78,800,94,text
D:\Tezan\GithubRepos\smart_ui_tf20\dataset\images\2.png,1023,77,1041,93,checkbox
D:\Tezan\GithubRepos\smart_ui_tf20\dataset\images\2.png,176,79,190,86,triangle_down
D:\Tezan\GithubRepos\smart_ui_tf20\dataset\images\2.png,362,78,375,86,triangle_down
D:\Tezan\GithubRepos\smart_ui_tf20\dataset\images\2.png,733,78,744,86,triangle_down
D:\Tezan\GithubRepos\smart_ui_tf20\dataset\images\2.png,1268,7,1300,28,text
D:\Tezan\GithubRepos\smart_ui_tf20\dataset\images\2.png,1250,1,1314,36,div_round
D:\Tezan\GithubRepos\smart_ui_tf20\dataset\images\2.png,11,40,201,74,div_rect
D:\Tezan\GithubRepos\smart_ui_tf20\dataset\images\2.png,197,42,385,73,div_rect
D:\Tezan\GithubRepos\smart_ui_tf20\dataset\images\2.png,384,44,567,70,div_rect
D:\Tezan\GithubRepos\smart_ui_tf20\dataset\images\2.png,568,44,753,70,div_rect
D:\Tezan\GithubRepos\smart_ui_tf20\dataset\images\2.png,755,44,939,71,div_rect
D:\Tezan\GithubRepos\smart_ui_tf20\dataset\images\2.png,939,44,1123,71,div_rect
D:\Tezan\GithubRepos\smart_ui_tf20\dataset\images\2.png,1124,44,1310,72,div_rect
D:\Tezan\GithubRepos\smart_ui_tf20\dataset\images\2.png,14,105,47,134,div_rect
D:\Tezan\GithubRepos\smart_ui_tf20\dataset\images\2.png,13,134,47,160,div_rect
D:\Tezan\GithubRepos\smart_ui_tf20\dataset\images\2.png,13,163,49,190,div_rect
D:\Tezan\GithubRepos\smart_ui_tf20\dataset\images\2.png,12,190,50,217,div_rect
D:\Tezan\GithubRepos\smart_ui_tf20\dataset\images\2.png,14,217,47,246,div_rect
D:\Tezan\GithubRepos\smart_ui_tf20\dataset\images\2.png,14,246,49,273,div_rect
D:\Tezan\GithubRepos\smart_ui_tf20\dataset\images\2.png,14,275,48,301,div_rect
D:\Tezan\GithubRepos\smart_ui_tf20\dataset\images\2.png,13,302,51,329,div_rect
D:\Tezan\GithubRepos\smart_ui_tf20\dataset\images\2.png,14,329,49,358,div_rect
D:\Tezan\GithubRepos\smart_ui_tf20\dataset\images\2.png,13,359,49,386,div_rect
D:\Tezan\GithubRepos\smart_ui_tf20\dataset\images\2.png,14,387,48,413,div_rect
D:\Tezan\GithubRepos\smart_ui_tf20\dataset\images\2.png,13,415,50,441,div_rect
D:\Tezan\GithubRepos\smart_ui_tf20\dataset\images\2.png,12,441,48,469,div_rect
D:\Tezan\GithubRepos\smart_ui_tf20\dataset\images\2.png,13,469,49,497,div_rect
D:\Tezan\GithubRepos\smart_ui_tf20\dataset\images\2.png,12,498,49,525,div_rect
D:\Tezan\GithubRepos\smart_ui_tf20\dataset\images\2.png,49,106,408,133,div_rect
D:\Tezan\GithubRepos\smart_ui_tf20\dataset\images\2.png,48,134,409,161,div_rect
D:\Tezan\GithubRepos\smart_ui_tf20\dataset\images\2.png,50,162,408,190,div_rect
D:\Tezan\GithubRepos\smart_ui_tf20\dataset\images\2.png,49,189,407,216,div_rect
D:\Tezan\GithubRepos\smart_ui_tf20\dataset\images\2.png,49,217,408,247,div_rect
D:\Tezan\GithubRepos\smart_ui_tf20\dataset\images\2.png,50,245,411,274,div_rect
D:\Tezan\GithubRepos\smart_ui_tf20\dataset\images\2.png,50,273,410,302,div_rect
D:\Tezan\GithubRepos\smart_ui_tf20\dataset\images\2.png,49,300,410,329,div_rect
D:\Tezan\GithubRepos\smart_ui_tf20\dataset\images\2.png,51,329,410,360,div_rect
D:\Tezan\GithubRepos\smart_ui_tf20\dataset\images\2.png,49,357,408,385,div_rect
D:\Tezan\GithubRepos\smart_ui_tf20\dataset\images\2.png,49,385,408,415,div_rect
D:\Tezan\GithubRepos\smart_ui_tf20\dataset\images\2.png,50,413,409,442,div_rect
D:\Tezan\GithubRepos\smart_ui_tf20\dataset\images\2.png,50,441,408,470,div_rect
D:\Tezan\GithubRepos\smart_ui_tf20\dataset\images\2.png,49,470,409,497,div_rect
D:\Tezan\GithubRepos\smart_ui_tf20\dataset\images\2.png,51,498,408,528,div_rect
D:\Tezan\GithubRepos\smart_ui_tf20\dataset\images\2.png,409,105,589,132,div_rect
D:\Tezan\GithubRepos\smart_ui_tf20\dataset\images\2.png,409,134,591,163,div_rect
D:\Tezan\GithubRepos\smart_ui_tf20\dataset\images\2.png,408,164,590,188,div_rect
D:\Tezan\GithubRepos\smart_ui_tf20\dataset\images\2.png,411,189,591,218,div_rect
D:\Tezan\GithubRepos\smart_ui_tf20\dataset\images\2.png,409,217,591,245,div_rect
D:\Tezan\GithubRepos\smart_ui_tf20\dataset\images\2.png,410,275,590,301,div_rect
D:\Tezan\GithubRepos\smart_ui_tf20\dataset\images\2.png,411,245,590,273,div_rect
D:\Tezan\GithubRepos\smart_ui_tf20\dataset\images\2.png,409,301,588,329,div_rect
D:\Tezan\GithubRepos\smart_ui_tf20\dataset\images\2.png,590,106,768,133,div_rect
D:\Tezan\GithubRepos\smart_ui_tf20\dataset\images\2.png,591,134,769,162,div_rect
D:\Tezan\GithubRepos\smart_ui_tf20\dataset\images\2.png,590,162,767,187,div_rect
D:\Tezan\GithubRepos\smart_ui_tf20\dataset\images\2.png,591,188,768,218,div_rect
D:\Tezan\GithubRepos\smart_ui_tf20\dataset\images\2.png,591,217,770,246,div_rect
D:\Tezan\GithubRepos\smart_ui_tf20\dataset\images\2.png,591,248,768,275,div_rect
D:\Tezan\GithubRepos\smart_ui_tf20\dataset\images\2.png,591,273,768,302,div_rect
D:\Tezan\GithubRepos\smart_ui_tf20\dataset\images\2.png,590,300,769,328,div_rect
D:\Tezan\GithubRepos\smart_ui_tf20\dataset\images\2.png,769,107,950,134,div_rect
D:\Tezan\GithubRepos\smart_ui_tf20\dataset\images\2.png,770,133,948,161,div_rect
D:\Tezan\GithubRepos\smart_ui_tf20\dataset\images\2.png,770,161,947,188,div_rect
D:\Tezan\GithubRepos\smart_ui_tf20\dataset\images\2.png,769,188,948,218,div_rect
D:\Tezan\GithubRepos\smart_ui_tf20\dataset\images\2.png,769,217,947,247,div_rect
D:\Tezan\GithubRepos\smart_ui_tf20\dataset\images\2.png,768,248,950,275,div_rect
D:\Tezan\GithubRepos\smart_ui_tf20\dataset\images\2.png,951,106,1128,135,div_rect
D:\Tezan\GithubRepos\smart_ui_tf20\dataset\images\2.png,950,134,1128,162,div_rect
D:\Tezan\GithubRepos\smart_ui_tf20\dataset\images\2.png,948,162,1129,188,div_rect
D:\Tezan\GithubRepos\smart_ui_tf20\dataset\images\2.png,949,189,1129,216,div_rect
D:\Tezan\GithubRepos\smart_ui_tf20\dataset\images\2.png,949,219,1130,244,div_rect
D:\Tezan\GithubRepos\smart_ui_tf20\dataset\images\2.png,1131,106,1309,133,div_rect
D:\Tezan\GithubRepos\smart_ui_tf20\dataset\images\2.png,1130,133,1311,161,div_rect
D:\Tezan\GithubRepos\smart_ui_tf20\dataset\images\2.png,1131,163,1309,188,div_rect
D:\Tezan\GithubRepos\smart_ui_tf20\dataset\images\2.png,1130,188,1309,218,div_rect
D:\Tezan\GithubRepos\smart_ui_tf20\dataset\images\2.png,1131,218,1310,246,div_rect
D:\Tezan\GithubRepos\smart_ui_tf20\dataset\images\2.png,950,247,1130,274,div_rect
D:\Tezan\GithubRepos\smart_ui_tf20\dataset\images\2.png,1130,245,1309,274,div_rect
D:\Tezan\GithubRepos\smart_ui_tf20\dataset\images\2.png,11,73,199,100,div_rect
D:\Tezan\GithubRepos\smart_ui_tf20\dataset\images\2.png,199,74,384,99,div_rect
D:\Tezan\GithubRepos\smart_ui_tf20\dataset\images\2.png,384,73,569,98,div_rect
D:\Tezan\GithubRepos\smart_ui_tf20\dataset\images\2.png,569,74,753,98,div_rect
D:\Tezan\GithubRepos\smart_ui_tf20\dataset\images\2.png,753,73,937,98,div_rect
D:\Tezan\GithubRepos\smart_ui_tf20\dataset\images\2.png,939,73,1122,98,div_rect
D:\Tezan\GithubRepos\smart_ui_tf20\dataset\images\2.png,1125,75,1311,99,div_rect
D:\Tezan\GithubRepos\smart_ui_tf20\dataset\images\2.png,411,330,590,358,div_rect
D:\Tezan\GithubRepos\smart_ui_tf20\dataset\images\2.png,410,358,589,385,div_rect
D:\Tezan\GithubRepos\smart_ui_tf20\dataset\images\2.png,410,386,589,413,div_rect
D:\Tezan\GithubRepos\smart_ui_tf20\dataset\images\2.png,409,413,589,443,div_rect
D:\Tezan\GithubRepos\smart_ui_tf20\dataset\images\2.png,409,442,589,470,div_rect
D:\Tezan\GithubRepos\smart_ui_tf20\dataset\images\2.png,409,470,589,498,div_rect
D:\Tezan\GithubRepos\smart_ui_tf20\dataset\images\2.png,409,498,589,526,div_rect
D:\Tezan\GithubRepos\smart_ui_tf20\dataset\images\2.png,591,328,770,357,div_rect
D:\Tezan\GithubRepos\smart_ui_tf20\dataset\images\2.png,589,358,770,385,div_rect
D:\Tezan\GithubRepos\smart_ui_tf20\dataset\images\2.png,590,386,769,413,div_rect
D:\Tezan\GithubRepos\smart_ui_tf20\dataset\images\2.png,590,412,768,442,div_rect
D:\Tezan\GithubRepos\smart_ui_tf20\dataset\images\2.png,590,442,769,469,div_rect
D:\Tezan\GithubRepos\smart_ui_tf20\dataset\images\2.png,591,470,768,498,div_rect
D:\Tezan\GithubRepos\smart_ui_tf20\dataset\images\2.png,589,498,768,526,div_rect
D:\Tezan\GithubRepos\smart_ui_tf20\dataset\images\2.png,768,275,950,301,div_rect
D:\Tezan\GithubRepos\smart_ui_tf20\dataset\images\2.png,768,301,949,329,div_rect
D:\Tezan\GithubRepos\smart_ui_tf20\dataset\images\2.png,768,329,948,359,div_rect
D:\Tezan\GithubRepos\smart_ui_tf20\dataset\images\2.png,770,358,950,385,div_rect
D:\Tezan\GithubRepos\smart_ui_tf20\dataset\images\2.png,768,386,949,413,div_rect
D:\Tezan\GithubRepos\smart_ui_tf20\dataset\images\2.png,769,413,950,441,div_rect
D:\Tezan\GithubRepos\smart_ui_tf20\dataset\images\2.png,770,442,950,470,div_rect
D:\Tezan\GithubRepos\smart_ui_tf20\dataset\images\2.png,768,469,950,498,div_rect
D:\Tezan\GithubRepos\smart_ui_tf20\dataset\images\2.png,768,498,950,527,div_rect
D:\Tezan\GithubRepos\smart_ui_tf20\dataset\images\2.png,950,273,1128,301,div_rect
D:\Tezan\GithubRepos\smart_ui_tf20\dataset\images\2.png,950,302,1128,329,div_rect
D:\Tezan\GithubRepos\smart_ui_tf20\dataset\images\2.png,949,329,1130,358,div_rect
D:\Tezan\GithubRepos\smart_ui_tf20\dataset\images\2.png,950,359,1129,386,div_rect
D:\Tezan\GithubRepos\smart_ui_tf20\dataset\images\2.png,949,386,1130,414,div_rect
D:\Tezan\GithubRepos\smart_ui_tf20\dataset\images\2.png,949,413,1130,441,div_rect
D:\Tezan\GithubRepos\smart_ui_tf20\dataset\images\2.png,950,442,1130,469,div_rect
D:\Tezan\GithubRepos\smart_ui_tf20\dataset\images\2.png,950,470,1130,498,div_rect
D:\Tezan\GithubRepos\smart_ui_tf20\dataset\images\2.png,949,498,1130,525,div_rect
D:\Tezan\GithubRepos\smart_ui_tf20\dataset\images\2.png,1129,275,1311,302,div_rect
D:\Tezan\GithubRepos\smart_ui_tf20\dataset\images\2.png,1130,300,1313,330,div_rect
D:\Tezan\GithubRepos\smart_ui_tf20\dataset\images\2.png,1130,331,1312,358,div_rect
D:\Tezan\GithubRepos\smart_ui_tf20\dataset\images\2.png,1130,359,1310,386,div_rect
D:\Tezan\GithubRepos\smart_ui_tf20\dataset\images\2.png,1130,385,1311,413,div_rect
D:\Tezan\GithubRepos\smart_ui_tf20\dataset\images\2.png,1130,413,1313,442,div_rect
D:\Tezan\GithubRepos\smart_ui_tf20\dataset\images\2.png,1130,440,1312,470,div_rect
D:\Tezan\GithubRepos\smart_ui_tf20\dataset\images\2.png,1131,469,1312,498,div_rect
D:\Tezan\GithubRepos\smart_ui_tf20\dataset\images\2.png,1130,498,1314,527,div_rect
D:\Tezan\GithubRepos\smart_ui_tf20\dataset\images\3.png,15,19,55,37,text
D:\Tezan\GithubRepos\smart_ui_tf20\dataset\images\3.png,146,20,162,36,text
D:\Tezan\GithubRepos\smart_ui_tf20\dataset\images\3.png,219,19,255,38,text
D:\Tezan\GithubRepos\smart_ui_tf20\dataset\images\3.png,290,19,340,38,text
D:\Tezan\GithubRepos\smart_ui_tf20\dataset\images\3.png,370,20,399,38,text
D:\Tezan\GithubRepos\smart_ui_tf20\dataset\images\3.png,424,19,470,38,text
D:\Tezan\GithubRepos\smart_ui_tf20\dataset\images\3.png,500,18,525,34,text
D:\Tezan\GithubRepos\smart_ui_tf20\dataset\images\3.png,559,16,606,35,text
D:\Tezan\GithubRepos\smart_ui_tf20\dataset\images\3.png,753,20,817,36,text
D:\Tezan\GithubRepos\smart_ui_tf20\dataset\images\3.png,1048,20,1096,37,text
D:\Tezan\GithubRepos\smart_ui_tf20\dataset\images\3.png,15,51,109,69,text
D:\Tezan\GithubRepos\smart_ui_tf20\dataset\images\3.png,147,51,191,68,text
D:\Tezan\GithubRepos\smart_ui_tf20\dataset\images\3.png,220,51,262,68,text
D:\Tezan\GithubRepos\smart_ui_tf20\dataset\images\3.png,290,51,318,69,text
D:\Tezan\GithubRepos\smart_ui_tf20\dataset\images\3.png,424,51,436,69,text
D:\Tezan\GithubRepos\smart_ui_tf20\dataset\images\3.png,498,48,739,80,div_rect
D:\Tezan\GithubRepos\smart_ui_tf20\dataset\images\3.png,509,55,549,70,text
D:\Tezan\GithubRepos\smart_ui_tf20\dataset\images\3.png,750,48,943,81,div_rect
D:\Tezan\GithubRepos\smart_ui_tf20\dataset\images\3.png,937,47,975,83,div_rect
D:\Tezan\GithubRepos\smart_ui_tf20\dataset\images\3.png,761,55,838,72,text
D:\Tezan\GithubRepos\smart_ui_tf20\dataset\images\3.png,949,59,965,69,triangle_down
D:\Tezan\GithubRepos\smart_ui_tf20\dataset\images\3.png,1045,48,1238,81,div_rect
D:\Tezan\GithubRepos\smart_ui_tf20\dataset\images\3.png,1231,47,1271,83,div_rect
D:\Tezan\GithubRepos\smart_ui_tf20\dataset\images\3.png,1055,55,1131,74,text
D:\Tezan\GithubRepos\smart_ui_tf20\dataset\images\3.png,1243,59,1256,69,triangle_down
D:\Tezan\GithubRepos\smart_ui_tf20\dataset\images\3.png,1184,101,1256,134,div_round
D:\Tezan\GithubRepos\smart_ui_tf20\dataset\images\3.png,1260,102,1326,134,div_round
D:\Tezan\GithubRepos\smart_ui_tf20\dataset\images\3.png,1199,109,1241,125,text
D:\Tezan\GithubRepos\smart_ui_tf20\dataset\images\3.png,1275,109,1311,125,text
D:\Tezan\GithubRepos\smart_ui_tf20\dataset\images\3.png,545,10,619,41,div_round
D:\Tezan\GithubRepos\smart_ui_tf20\dataset\images\4.png,14,6,201,26,text
D:\Tezan\GithubRepos\smart_ui_tf20\dataset\images\4.png,279,44,445,78,div_rect
D:\Tezan\GithubRepos\smart_ui_tf20\dataset\images\4.png,64,44,266,80,div_rect
D:\Tezan\GithubRepos\smart_ui_tf20\dataset\images\4.png,455,46,531,80,div_round
D:\Tezan\GithubRepos\smart_ui_tf20\dataset\images\4.png,62,116,155,160,div_rect
D:\Tezan\GithubRepos\smart_ui_tf20\dataset\images\4.png,74,130,144,148,text
D:\Tezan\GithubRepos\smart_ui_tf20\dataset\images\4.png,160,130,198,148,text
D:\Tezan\GithubRepos\smart_ui_tf20\dataset\images\4.png,217,129,291,148,text
D:\Tezan\GithubRepos\smart_ui_tf20\dataset\images\4.png,307,130,384,146,text
D:\Tezan\GithubRepos\smart_ui_tf20\dataset\images\4.png,401,130,460,147,text
D:\Tezan\GithubRepos\smart_ui_tf20\dataset\images\4.png,477,130,546,146,text
D:\Tezan\GithubRepos\smart_ui_tf20\dataset\images\4.png,570,130,607,145,text
D:\Tezan\GithubRepos\smart_ui_tf20\dataset\images\4.png,740,131,836,147,text
D:\Tezan\GithubRepos\smart_ui_tf20\dataset\images\4.png,855,131,924,147,text
D:\Tezan\GithubRepos\smart_ui_tf20\dataset\images\4.png,1027,132,1073,145,text
D:\Tezan\GithubRepos\smart_ui_tf20\dataset\images\4.png,1043,170,1073,188,text
D:\Tezan\GithubRepos\smart_ui_tf20\dataset\images\4.png,100,53,137,72,text
D:\Tezan\GithubRepos\smart_ui_tf20\dataset\images\4.png,312,50,392,67,text
D:\Tezan\GithubRepos\smart_ui_tf20\dataset\images\4.png,470,55,516,72,text
D:\Tezan\GithubRepos\smart_ui_tf20\dataset\images\4.png,74,165,133,182,text
D:\Tezan\GithubRepos\smart_ui_tf20\dataset\images\4.png,160,165,184,182,text
D:\Tezan\GithubRepos\smart_ui_tf20\dataset\images\4.png,217,165,257,183,text
D:\Tezan\GithubRepos\smart_ui_tf20\dataset\images\4.png,308,166,375,184,text
D:\Tezan\GithubRepos\smart_ui_tf20\dataset\images\4.png,403,165,449,183,text
D:\Tezan\GithubRepos\smart_ui_tf20\dataset\images\4.png,479,165,551,184,text
D:\Tezan\GithubRepos\smart_ui_tf20\dataset\images\4.png,568,161,725,195,div_rect
D:\Tezan\GithubRepos\smart_ui_tf20\dataset\images\4.png,621,169,647,189,text
D:\Tezan\GithubRepos\smart_ui_tf20\dataset\images\4.png,701,174,714,184,down_arrow
D:\Tezan\GithubRepos\smart_ui_tf20\dataset\images\4.png,739,165,838,184,text
D:\Tezan\GithubRepos\smart_ui_tf20\dataset\images\4.png,853,161,1010,195,div_rect
D:\Tezan\GithubRepos\smart_ui_tf20\dataset\images\4.png,914,174,927,182,dash
D:\Tezan\GithubRepos\smart_ui_tf20\dataset\images\4.png,987,174,999,185,down_arrow
D:\Tezan\GithubRepos\smart_ui_tf20\dataset\images\4.png,1106,171,1137,190,text
D:\Tezan\GithubRepos\smart_ui_tf20\dataset\images\4.png,1168,172,1234,189,text
D:\Tezan\GithubRepos\smart_ui_tf20\dataset\images\4.png,1029,162,1088,196,div_round
D:\Tezan\GithubRepos\smart_ui_tf20\dataset\images\4.png,1091,162,1151,197,div_round
D:\Tezan\GithubRepos\smart_ui_tf20\dataset\images\4.png,1154,162,1251,197,div_round
D:\Tezan\GithubRepos\smart_ui_tf20\dataset\images\4.png,1014,113,1268,163,div_rect
D:\Tezan\GithubRepos\smart_ui_tf20\dataset\images\4.png,845,113,1022,160,div_rect
D:\Tezan\GithubRepos\smart_ui_tf20\dataset\images\4.png,728,114,850,163,div_rect
D:\Tezan\GithubRepos\smart_ui_tf20\dataset\images\4.png,556,114,733,161,div_rect
D:\Tezan\GithubRepos\smart_ui_tf20\dataset\images\4.png,467,114,561,158,div_rect
D:\Tezan\GithubRepos\smart_ui_tf20\dataset\images\4.png,391,114,473,157,div_rect
D:\Tezan\GithubRepos\smart_ui_tf20\dataset\images\4.png,295,115,398,159,div_rect
D:\Tezan\GithubRepos\smart_ui_tf20\dataset\images\4.png,205,115,299,160,div_rect
D:\Tezan\GithubRepos\smart_ui_tf20\dataset\images\4.png,151,114,209,159,div_rect
D:\Tezan\GithubRepos\smart_ui_tf20\dataset\images\5.png,71,52,100,70,text
D:\Tezan\GithubRepos\smart_ui_tf20\dataset\images\5.png,484,52,525,68,text
D:\Tezan\GithubRepos\smart_ui_tf20\dataset\images\5.png,796,53,825,68,text
D:\Tezan\GithubRepos\smart_ui_tf20\dataset\images\5.png,70,79,88,96,radio
D:\Tezan\GithubRepos\smart_ui_tf20\dataset\images\5.png,171,80,190,96,radio
D:\Tezan\GithubRepos\smart_ui_tf20\dataset\images\5.png,70,120,112,135,text
D:\Tezan\GithubRepos\smart_ui_tf20\dataset\images\5.png,71,142,442,178,div_rect
D:\Tezan\GithubRepos\smart_ui_tf20\dataset\images\5.png,80,151,222,169,text
D:\Tezan\GithubRepos\smart_ui_tf20\dataset\images\5.png,194,80,259,96,text
D:\Tezan\GithubRepos\smart_ui_tf20\dataset\images\5.png,94,81,158,96,text
D:\Tezan\GithubRepos\smart_ui_tf20\dataset\images\5.png,94,208,132,227,text
D:\Tezan\GithubRepos\smart_ui_tf20\dataset\images\5.png,205,209,247,228,text
D:\Tezan\GithubRepos\smart_ui_tf20\dataset\images\5.png,70,197,156,240,div_round
D:\Tezan\GithubRepos\smart_ui_tf20\dataset\images\5.png,178,198,271,240,div_round
D:\Tezan\GithubRepos\smart_ui_tf20\dataset\images\5.png,68,259,1244,483,div_rect
D:\Tezan\GithubRepos\smart_ui_tf20\dataset\images\5.png,88,277,124,291,text
D:\Tezan\GithubRepos\smart_ui_tf20\dataset\images\5.png,171,277,204,291,text
D:\Tezan\GithubRepos\smart_ui_tf20\dataset\images\5.png,327,277,385,292,text
D:\Tezan\GithubRepos\smart_ui_tf20\dataset\images\5.png,512,278,582,292,text
D:\Tezan\GithubRepos\smart_ui_tf20\dataset\images\5.png,698,277,751,294,text
D:\Tezan\GithubRepos\smart_ui_tf20\dataset\images\5.png,785,277,824,293,text
D:\Tezan\GithubRepos\smart_ui_tf20\dataset\images\5.png,838,277,913,294,text
D:\Tezan\GithubRepos\smart_ui_tf20\dataset\images\5.png,1024,278,1076,293,text
D:\Tezan\GithubRepos\smart_ui_tf20\dataset\images\5.png,88,313,97,328,text
D:\Tezan\GithubRepos\smart_ui_tf20\dataset\images\5.png,88,343,97,359,text
D:\Tezan\GithubRepos\smart_ui_tf20\dataset\images\5.png,87,372,97,388,text
D:\Tezan\GithubRepos\smart_ui_tf20\dataset\images\5.png,88,402,98,419,text
D:\Tezan\GithubRepos\smart_ui_tf20\dataset\images\5.png,170,314,314,331,text
D:\Tezan\GithubRepos\smart_ui_tf20\dataset\images\5.png,170,343,313,361,text
D:\Tezan\GithubRepos\smart_ui_tf20\dataset\images\5.png,170,372,311,390,text
D:\Tezan\GithubRepos\smart_ui_tf20\dataset\images\5.png,171,402,314,419,text
D:\Tezan\GithubRepos\smart_ui_tf20\dataset\images\5.png,87,423,277,450,div_round
D:\Tezan\GithubRepos\smart_ui_tf20\dataset\images\5.png,106,428,119,443,leftd_arrow
D:\Tezan\GithubRepos\smart_ui_tf20\dataset\images\5.png,135,428,146,443,left_arrow
D:\Tezan\GithubRepos\smart_ui_tf20\dataset\images\5.png,221,428,231,442,right_arrow
D:\Tezan\GithubRepos\smart_ui_tf20\dataset\images\5.png,246,428,259,444,rightd_arrow
D:\Tezan\GithubRepos\smart_ui_tf20\dataset\images\5.png,157,429,167,441,text
D:\Tezan\GithubRepos\smart_ui_tf20\dataset\images\5.png,172,429,181,441,text
D:\Tezan\GithubRepos\smart_ui_tf20\dataset\images\5.png,186,428,197,442,text
D:\Tezan\GithubRepos\smart_ui_tf20\dataset\images\5.png,200,429,209,443,text
D:\Tezan\GithubRepos\smart_ui_tf20\dataset\images\5.png,480,76,755,109,div_rect
D:\Tezan\GithubRepos\smart_ui_tf20\dataset\images\5.png,792,76,1098,108,div_rect
D:\Tezan\GithubRepos\smart_ui_tf20\dataset\images\5.png,1203,279,1223,424,scroll
D:\Tezan\GithubRepos\smart_ui_tf20\dataset\images\5.png,327,314,343,330,text
D:\Tezan\GithubRepos\smart_ui_tf20\dataset\images\5.png,419,154,432,164,down_arrow
D:\Tezan\GithubRepos\smart_ui_tf20\dataset\images\5.png,805,85,918,103,text
D:\Tezan\GithubRepos\smart_ui_tf20\dataset\images\5.png,1005,198,1168,241,div_round
D:\Tezan\GithubRepos\smart_ui_tf20\dataset\images\5.png,1029,211,1146,229,text
D:\Tezan\GithubRepos\smart_ui_tf20\dataset\images\5.png,1210,285,1220,291,triangle_up
D:\Tezan\GithubRepos\smart_ui_tf20\dataset\images\5.png,1208,410,1219,417,triangle_down
D:\Tezan\GithubRepos\smart_ui_tf20\dataset\images\5.png,327,343,343,359,text
D:\Tezan\GithubRepos\smart_ui_tf20\dataset\images\5.png,328,373,342,388,text
D:\Tezan\GithubRepos\smart_ui_tf20\dataset\images\5.png,327,402,343,418,text
D:\Tezan\GithubRepos\smart_ui_tf20\dataset\images\5.png,512,314,631,330,text
D:\Tezan\GithubRepos\smart_ui_tf20\dataset\images\5.png,511,343,631,359,text
D:\Tezan\GithubRepos\smart_ui_tf20\dataset\images\5.png,512,372,632,389,text
D:\Tezan\GithubRepos\smart_ui_tf20\dataset\images\5.png,512,402,630,418,text
D:\Tezan\GithubRepos\smart_ui_tf20\dataset\images\5.png,699,314,724,331,text
D:\Tezan\GithubRepos\smart_ui_tf20\dataset\images\5.png,698,344,724,359,text
D:\Tezan\GithubRepos\smart_ui_tf20\dataset\images\5.png,698,373,726,388,text
D:\Tezan\GithubRepos\smart_ui_tf20\dataset\images\5.png,698,402,724,417,text
D:\Tezan\GithubRepos\smart_ui_tf20\dataset\images\5.png,786,315,803,330,text
D:\Tezan\GithubRepos\smart_ui_tf20\dataset\images\5.png,787,345,801,359,text
D:\Tezan\GithubRepos\smart_ui_tf20\dataset\images\5.png,786,374,803,388,text
D:\Tezan\GithubRepos\smart_ui_tf20\dataset\images\5.png,786,402,802,417,text
D:\Tezan\GithubRepos\smart_ui_tf20\dataset\images\5.png,839,345,958,360,text
D:\Tezan\GithubRepos\smart_ui_tf20\dataset\images\5.png,839,373,959,389,text
D:\Tezan\GithubRepos\smart_ui_tf20\dataset\images\5.png,839,402,958,419,text
D:\Tezan\GithubRepos\smart_ui_tf20\dataset\images\5.png,839,314,959,332,text
D:\Tezan\GithubRepos\smart_ui_tf20\dataset\images\5.png,1025,314,1133,331,text
D:\Tezan\GithubRepos\smart_ui_tf20\dataset\images\5.png,1026,344,1134,361,text
D:\Tezan\GithubRepos\smart_ui_tf20\dataset\images\5.png,1024,374,1135,389,text
D:\Tezan\GithubRepos\smart_ui_tf20\dataset\images\5.png,1024,403,1135,418,text
D:\Tezan\GithubRepos\smart_ui_tf20\dataset\images\6.png,39,16,127,31,text
D:\Tezan\GithubRepos\smart_ui_tf20\dataset\images\6.png,39,40,1208,73,div_rect
D:\Tezan\GithubRepos\smart_ui_tf20\dataset\images\6.png,39,117,102,132,text
D:\Tezan\GithubRepos\smart_ui_tf20\dataset\images\6.png,344,118,388,133,text
D:\Tezan\GithubRepos\smart_ui_tf20\dataset\images\6.png,39,140,327,173,div_rect
D:\Tezan\GithubRepos\smart_ui_tf20\dataset\images\6.png,342,140,638,173,div_rect
D:\Tezan\GithubRepos\smart_ui_tf20\dataset\images\6.png,39,193,58,214,checkbox
D:\Tezan\GithubRepos\smart_ui_tf20\dataset\images\6.png,63,197,139,213,text
D:\Tezan\GithubRepos\smart_ui_tf20\dataset\images\6.png,342,195,446,237,div_round
D:\Tezan\GithubRepos\smart_ui_tf20\dataset\images\6.png,459,195,574,237,div_round
D:\Tezan\GithubRepos\smart_ui_tf20\dataset\images\6.png,587,195,677,237,div_round
D:\Tezan\GithubRepos\smart_ui_tf20\dataset\images\6.png,368,209,425,225,text
D:\Tezan\GithubRepos\smart_ui_tf20\dataset\images\6.png,483,207,550,224,text
D:\Tezan\GithubRepos\smart_ui_tf20\dataset\images\6.png,613,209,654,225,text
D:\Tezan\GithubRepos\smart_ui_tf20\dataset\images\6.png,47,149,85,165,text
D:\Tezan\GithubRepos\smart_ui_tf20\dataset\images\6.png,351,149,389,165,text
D:\Tezan\GithubRepos\smart_ui_tf20\dataset\images\6.png,311,151,325,163,down_arrow
D:\Tezan\GithubRepos\smart_ui_tf20\dataset\images\6.png,615,151,629,162,down_arrow
D:\Tezan\GithubRepos\smart_ui_tf20\dataset\images\7.png,240,62,421,129,div_rect
D:\Tezan\GithubRepos\smart_ui_tf20\dataset\images\7.png,50,63,230,129,div_rect
D:\Tezan\GithubRepos\smart_ui_tf20\dataset\images\7.png,432,63,612,128,div_rect
D:\Tezan\GithubRepos\smart_ui_tf20\dataset\images\7.png,624,63,803,129,div_rect
D:\Tezan\GithubRepos\smart_ui_tf20\dataset\images\7.png,816,63,994,128,div_rect
D:\Tezan\GithubRepos\smart_ui_tf20\dataset\images\7.png,1006,64,1186,129,div_rect
D:\Tezan\GithubRepos\smart_ui_tf20\dataset\images\7.png,60,77,79,93,radio
D:\Tezan\GithubRepos\smart_ui_tf20\dataset\images\7.png,251,77,271,94,radio
D:\Tezan\GithubRepos\smart_ui_tf20\dataset\images\7.png,442,76,461,93,radio
D:\Tezan\GithubRepos\smart_ui_tf20\dataset\images\7.png,635,76,653,93,radio
D:\Tezan\GithubRepos\smart_ui_tf20\dataset\images\7.png,826,74,843,93,radio
D:\Tezan\GithubRepos\smart_ui_tf20\dataset\images\7.png,1017,75,1035,94,radio
D:\Tezan\GithubRepos\smart_ui_tf20\dataset\images\7.png,51,147,126,190,div_round
D:\Tezan\GithubRepos\smart_ui_tf20\dataset\images\7.png,161,147,249,190,div_round
D:\Tezan\GithubRepos\smart_ui_tf20\dataset\images\7.png,66,229,283,247,text
D:\Tezan\GithubRepos\smart_ui_tf20\dataset\images\7.png,67,247,281,263,text
D:\Tezan\GithubRepos\smart_ui_tf20\dataset\images\7.png,66,263,283,278,text
D:\Tezan\GithubRepos\smart_ui_tf20\dataset\images\7.png,67,278,282,294,text
D:\Tezan\GithubRepos\smart_ui_tf20\dataset\images\7.png,66,295,272,309,text
D:\Tezan\GithubRepos\smart_ui_tf20\dataset\images\7.png,66,310,280,326,text
D:\Tezan\GithubRepos\smart_ui_tf20\dataset\images\7.png,67,326,281,341,text
D:\Tezan\GithubRepos\smart_ui_tf20\dataset\images\7.png,67,341,281,358,text
D:\Tezan\GithubRepos\smart_ui_tf20\dataset\images\7.png,67,359,271,374,text
D:\Tezan\GithubRepos\smart_ui_tf20\dataset\images\7.png,68,375,266,392,text
D:\Tezan\GithubRepos\smart_ui_tf20\dataset\images\7.png,75,160,102,177,text
D:\Tezan\GithubRepos\smart_ui_tf20\dataset\images\7.png,185,161,227,180,text
D:\Tezan\GithubRepos\smart_ui_tf20\dataset\images\7.png,83,78,128,93,text
D:\Tezan\GithubRepos\smart_ui_tf20\dataset\images\7.png,276,77,320,93,text
D:\Tezan\GithubRepos\smart_ui_tf20\dataset\images\7.png,466,78,511,92,text
D:\Tezan\GithubRepos\smart_ui_tf20\dataset\images\7.png,657,78,704,92,text
D:\Tezan\GithubRepos\smart_ui_tf20\dataset\images\7.png,848,78,892,92,text
D:\Tezan\GithubRepos\smart_ui_tf20\dataset\images\7.png,1041,77,1085,93,text
D:\Tezan\GithubRepos\smart_ui_tf20\dataset\images\7.png,48,212,1222,405,div_rect
